,topicLink,topicName
0,https://www.reddit.com/r/ADHD,ADHD
1,https://www.reddit.com/r/alternativeHealth,AlternativeHealth
2,https://www.reddit.com/r/Amblyopia,Amblyopia
3,https://www.reddit.com/r/anxiety,Anxiety
4,https://www.reddit.com/r/thritis,Arthritis
5,https://www.reddit.com/r/AskDocs,Ask Docs
6,https://www.reddit.com/r/aspergers,Aspergers
7,https://www.reddit.com/r/Asthma,Asthma
8,https://www.reddit.com/r/Autoimmune,Autoimmune
9,https://www.reddit.com/r/BipolarReddit,BipolarReddit
10,https://www.reddit.com/r/BPD,Borderline Personality Disorder
11,https://www.reddit.com/r/BreastCancer,Breast Cancer
12,https://www.reddit.com/r/cancer,Cancer
13,https://www.reddit.com/r/CaregiverSupport,Care Giver Support
14,https://www.reddit.com/r/cfs,Chronic Fatigue Syndrome
15,https://www.reddit.com/r/ChronicPain,ChronicPain
16,https://www.reddit.com/r/cleftlip,Cleft Lip
17,https://www.reddit.com/r/chd,Congenital Heart Defects
18,https://www.reddit.com/r/CrohnsDisease/,Crohn's Disease
19,https://www.reddit.com/r/dementia/,Dementia
20,https://www.reddit.com/r/Dentistry/,Dentistry
21,https://www.reddit.com/r/Depression,Depression
22,https://www.reddit.com/r/diabetes,Diabetes
23,https://www.reddit.com/r/Diagnosed,Diagnosed
24,https://www.reddit.com/r/dysautonomia,Dysautonomia
25,https://www.reddit.com/r/dystonia,Dystonia
26,https://www.reddit.com/r/eczema,Eczema
27,https://www.reddit.com/r/fibro,Fibromyalgia
28,https://www.reddit.com/r/Fitness,Fitness
29,https://www.reddit.com/r/flu,Flu
30,https://www.reddit.com/r/GravesDisease,Graves Disease
32,https://www.reddit.com/r/Gastroparesis,Gastroparesis
34,https://www.reddit.com/r/Gutscience,Gutscience
35,https://www.reddit.com/r/healthcare,Healthcare
36,https://www.reddit.com/r/Hemophilia,Hemophilia
37,https://www.reddit.com/r/hepc,hepc
39,https://www.reddit.com/r/Hypothyroidism,Hypothyroidism
40,https://www.reddit.com/r/ibs,Ibs
41,https://www.reddit.com/r/Infertility,Infertility
42,https://www.reddit.com/r/itsneverlupus,ItsNeverLupus
43,https://www.reddit.com/r/interstitialcystitis,Interstitial Cystitis
45,https://www.reddit.com/r/Keratoconus,Keratoconus
46,https://www.reddit.com/r/kidneystones,KidneyStones
47,https://www.reddit.com/r/Kinesiology,Kinesiology
48,https://www.reddit.com/r/lactoseintolerant,Lactose Intolerant
49,https://www.reddit.com/r/longevity/,Longevity
50,https://www.reddit.com/r/maculardegeneration,Macular Degeneration
53,https://www.reddit.com/r/Massage,Massage
55,https://www.reddit.com/r/medicine,Medicine
56,https://www.reddit.com/r/menieres,Menieres
57,https://www.reddit.com/r/MentalHealth,Mental Health
58,https://www.reddit.com/r/MultipleSclerosis,Multiple Sclerosis
59,https://www.reddit.com/r/NaturalBeauty,Natural Beauty
60,https://www.reddit.com/r/NoMoreGaming,No More Gaming
61,https://www.reddit.com/r/nutrition,Nutrition
62,https://www.reddit.com/r/optometry,Optometry
63,https://www.reddit.com/r/Paleo,Paleo
64,https://www.reddit.com/r/PancreaticCancer,Pancreatic Cancer
65,https://www.reddit.com/r/parkinsons,Parkinsons
66,https://www.reddit.com/r/Pescetarian,Pescetarian
67,https://www.reddit.com/r/pharmacy,Pharmacy
68,https://www.reddit.com/r/pilonidalcyst,Pilonidalcyst
69,https://www.reddit.com/r/pneumothoraxO2,Pneumothorax
70,https://www.reddit.com/r/polyphasic,Polyphasic
71,https://www.reddit.com/r/posture,Posture
72,https://www.reddit.com/r/Psoriasis,Psoriasis
73,https://www.reddit.com/r/Psychology,Psychology
74,https://www.reddit.com/r/publichealth/,PublicHealth
75,https://www.reddit.com/r/rheumatoid,Rheumatoid Arthritis
76,https://www.reddit.com/r/SleepApnea,SleepApnea
77,https://www.reddit.com/r/STD,STD
78,https://www.reddit.com/r/StopGaming,Stop Gaming
79,https://www.reddit.com/r/StopSmoking,Stop Smoking
80,https://www.reddit.com/r/SuicideWatch,SuicideWatch
81,https://www.reddit.com/r/Testosterone,Testosterone
82,https://www.reddit.com/r/transplant,Transplant
83,https://www.reddit.com/r/troubledteens,TroubledTeens
84,https://www.reddit.com/r/UKHealthcare,UKHealthcare
85,https://www.reddit.com/r/veg,Veg
